subject,9,8,7,6,5,4,3,2,1,U
ACCOUNTING,7.5,10.8,13.7,11.200000000000003,11.199999999999996,8.700000000000003,14.199999999999996,11.5,8.200000000000003,3.0
BIOLOGY,20.8,16.499999999999996,15.200000000000003,12.200000000000003,9.599999999999994,8.200000000000003,6.099999999999994,4.200000000000003,3.200000000000003,4.0
BUSINESS,5.2,10.3,13.7,18.000000000000004,15.899999999999999,12.999999999999993,8.800000000000011,6.0,3.8999999999999915,5.200000000000003
CHEMISTRY,22.8,20.3,16.4,9.700000000000003,7.299999999999997,6.400000000000006,5.5,3.799999999999997,3.5999999999999943,4.200000000000003
COMMERCE,11.1,8.9,9.399999999999999,10.5,11.100000000000001,7.700000000000003,14.299999999999997,9.700000000000003,6.200000000000003,11.099999999999994
CHINESE,45.8,24.60000000000001,7.199999999999989,3.700000000000003,2.799999999999997,2.3000000000000114,5.099999999999994,3.299999999999997,3.700000000000003,1.5
COMPUTER SCIENCE,9.5,10.8,9.8,12.799999999999997,13.399999999999999,12.0,16.700000000000003,9.799999999999997,4.5,0.7000000000000028
ENGLISH LANGUAGE A,11.5,12.899999999999999,17.700000000000003,22.6,16.5,9.0,6.299999999999997,2.5999999999999943,0.6000000000000085,0.29999999999999716
ENGLISH LANGUAGE B,12.6,13.500000000000002,17.699999999999996,11.5,10.700000000000003,9.299999999999997,19.200000000000003,4.599999999999994,0.7000000000000028,0.20000000000000284
ECONOMICS,12.2,12.900000000000002,15.399999999999999,12.799999999999997,9.800000000000004,8.100000000000001,9.399999999999991,6.5,4.800000000000011,8.099999999999994
ENGLISH LITERATURE,20.8,14.400000000000002,16.699999999999996,23.699999999999996,14.0,6.6000000000000085,2.700000000000003,0.7999999999999972,0.20000000000000284,0.09999999999999432
ART & DESIGN:FINE ART,4.8,6.6000000000000005,10.299999999999999,17.500000000000004,17.599999999999994,16.400000000000006,14.399999999999991,8.400000000000006,3.299999999999997,0.7000000000000028
FRENCH,28.6,20.699999999999996,16.10000000000001,10.899999999999991,8.5,4.900000000000006,5.8999999999999915,3.0,1.2000000000000028,0.20000000000000284
GEOGRAPHY,14.8,18.2,17.9,16.199999999999996,12.5,8.100000000000009,5.5,3.700000000000003,1.8999999999999915,1.2000000000000028
GLOBAL CITIZENSHIP,12.8,13.2,15.0,14.600000000000001,12.999999999999993,8.600000000000009,11.5,6.200000000000003,3.5999999999999943,1.5
GERMAN,26.1,25.4,17.400000000000006,14.899999999999991,8.200000000000003,4.0,2.0,0.7000000000000028,0.3999999999999915,0.9000000000000057
HUMAN BIOLOGY,14.1,19.9,17.1,15.899999999999999,10.400000000000006,6.8999999999999915,6.6000000000000085,4.099999999999994,2.9000000000000057,2.0999999999999943
HISTORY,21.3,18.3,16.9,13.400000000000006,9.799999999999997,7.200000000000003,7.099999999999994,3.9000000000000057,1.5999999999999943,0.5
ICT,4.1,8.1,10.5,15.500000000000004,15.299999999999997,14.700000000000003,13.700000000000003,9.199999999999989,5.6000000000000085,3.299999999999997
MATHEMATICS A,21.9,18.0,16.200000000000003,12.300000000000004,12.0,8.599999999999994,5.0,1.7999999999999972,0.7999999999999972,3.4000000000000057
PHYSICS,22.9,20.300000000000004,16.9,10.199999999999996,8.0,6.1000000000000085,5.199999999999989,3.700000000000003,2.700000000000003,4.0
RELIGIOUS STUDIES,21.1,18.4,16.200000000000003,11.799999999999997,9.0,6.0,4.900000000000006,3.0,2.6999999999999886,6.900000000000006
SPANISH,44.1,17.799999999999997,14.199999999999996,7.800000000000011,5.8999999999999915,4.700000000000003,2.700000000000003,1.5,1.0,0.29999999999999716
SCIENCE (SINGLE AWARD),5.0,7.4,7.299999999999999,9.3,7.600000000000001,10.199999999999996,11.800000000000004,14.100000000000001,13.599999999999994,13.700000000000003
ART & DESIGN:3D DESIGN,10.3,12.7,2.3000000000000007,12.599999999999998,18.4,25.299999999999997,16.10000000000001,2.299999999999997,0.0,0.0
ART & DESIGN:TEXTILE DES.,13.3,12.2,10.200000000000003,20.4,19.4,5.099999999999994,13.300000000000011,6.099999999999994,0.0,0.0
